Area,Ages,Hindus,Muslims,Christians,Sikhs,Other Minorities
INDIA,0-4,87320843,19435236,2330405,1512643,1822093
INDIA,5-9,98842302,21478536,2560275,1687394,2019669
INDIA,10-14,104107800,21451442,2760926,1904993,2150595
INDIA,15-19,94463520,19101614,2570883,2111594,1978731
INDIA,20-24,88102231,16640317,2441355,2051985,1921896
INDIA,25-29,81398001,13927787,2305878,1774466,1783784
INDIA,30-34,71731534,11540455,2046431,1548589,1553037
INDIA,35-39,69143968,10873884,2004636,1473691,1490874
INDIA,40-44,58915047,8890392,1828958,1362766,1318793
INDIA,45-49,50873920,7291929,1676544,1224502,1150678
INDIA,50-54,40134461,5579972,1369795,976351,929722
INDIA,55-59,32138810,4314996,1131188,759849,737529
INDIA,60-64,30934965,4190178,968165,823165,684171
INDIA,65-69,21841646,2801836,657583,596972,511245
INDIA,70-74,15922071,1981615,484815,431192,354019
INDIA,75-79,7640136,878766,295335,222010,178554
INDIA,80+,9212211,1202328,330504,327614,189025
State - JAMMU & KASHMIR,0-4,298020,1086340,3088,14817,8978
State - JAMMU & KASHMIR,5-9,320916,1058931,3005,16642,10075
State - JAMMU & KASHMIR,10-14,336090,1043207,3069,18007,11370
State - JAMMU & KASHMIR,15-19,321129,881127,2999,19521,11114
State - JAMMU & KASHMIR,20-24,348796,773509,3794,22256,11025
State - JAMMU & KASHMIR,25-29,378998,664749,4773,25007,10962
State - JAMMU & KASHMIR,30-34,313095,578134,3636,21265,9498
State - JAMMU & KASHMIR,35-39,271507,535466,2940,18630,8467
State - JAMMU & KASHMIR,40-44,229460,457165,2499,17271,7010
State - JAMMU & KASHMIR,45-49,195311,371782,1837,15401,5953
State - JAMMU & KASHMIR,50-54,150760,298831,1210,12266,5130
State - JAMMU & KASHMIR,55-59,109314,216247,855,9085,4279
State - JAMMU & KASHMIR,60-64,95783,214448,679,7669,3851
State - JAMMU & KASHMIR,65-69,64408,130522,387,5671,2790
State - JAMMU & KASHMIR,70-74,55357,121017,378,4605,2478
State - JAMMU & KASHMIR,75-79,30465,50096,176,2728,1534
State - JAMMU & KASHMIR,80+,43654,77056,268,3791,1919
State - HIMACHAL PRADESH,0-4,516369,15929,979,5548,4822
State - HIMACHAL PRADESH,5-9,559950,16454,1092,6375,6328
State - HIMACHAL PRADESH,10-14,604962,16635,1198,7517,7948
State - HIMACHAL PRADESH,15-19,606791,15926,1028,7742,8116
State - HIMACHAL PRADESH,20-24,610018,16350,1418,7687,7540
State - HIMACHAL PRADESH,25-29,559563,13510,1320,6636,7432
State - HIMACHAL PRADESH,30-34,520197,11073,1138,6344,7076
State - HIMACHAL PRADESH,35-39,494153,10097,1004,6200,6121
State - HIMACHAL PRADESH,40-44,425702,8309,857,5290,5105
State - HIMACHAL PRADESH,45-49,378408,6701,664,4737,4391
State - HIMACHAL PRADESH,50-54,316792,5317,534,3975,3860
State - HIMACHAL PRADESH,55-59,256256,3893,453,3145,2953
State - HIMACHAL PRADESH,60-64,222116,3350,355,2768,2661
State - HIMACHAL PRADESH,65-69,152408,2089,218,1912,1889
State - HIMACHAL PRADESH,70-74,125112,1787,135,1617,1847
State - HIMACHAL PRADESH,75-79,72361,926,107,946,1315
State - HIMACHAL PRADESH,80+,102052,1385,124,1406,1669
State - PUNJAB,0-4,868419,54191,32191,1162384,6361
State - PUNJAB,5-9,954711,58954,35693,1301612,7330
State - PUNJAB,10-14,999079,59105,37355,1470067,7831
State - PUNJAB,15-19,1057578,58604,38535,1644567,8208
State - PUNJAB,20-24,1087918,57305,36126,1577430,8227
State - PUNJAB,25-29,1017273,49244,30626,1350526,7944
State - PUNJAB,30-34,863414,40950,25619,1173198,7009
State - PUNJAB,35-39,793838,36777,24063,1122639,6550
State - PUNJAB,40-44,683330,30263,20829,1044120,5923
State - PUNJAB,45-49,600056,23798,16913,938370,5325
State - PUNJAB,50-54,470948,16797,12142,747491,4701
State - PUNJAB,55-59,351161,11485,9236,579058,3814
State - PUNJAB,60-64,330658,13085,10582,636930,3500
State - PUNJAB,65-69,227656,9196,7654,471342,2412
State - PUNJAB,70-74,163594,6669,5074,335478,1748
State - PUNJAB,75-79,81464,3118,2042,168552,994
State - PUNJAB,80+,114198,5145,3204,254894,1170
State - CHANDIGARH,0-4,68422,5196,648,7248,173
State - CHANDIGARH,5-9,76382,5749,666,8095,171
State - CHANDIGARH,10-14,77169,5588,733,9661,214
State - CHANDIGARH,15-19,84521,6132,813,12486,350
State - CHANDIGARH,20-24,98050,6730,998,14781,551
State - CHANDIGARH,25-29,91096,5712,895,12119,337
State - CHANDIGARH,30-34,75241,4335,737,10186,242
State - CHANDIGARH,35-39,68706,3716,713,10284,209
State - CHANDIGARH,40-44,55459,2654,706,9828,223
State - CHANDIGARH,45-49,47856,1998,570,9671,222
State - CHANDIGARH,50-54,36326,1182,418,8783,205
State - CHANDIGARH,55-59,26270,751,316,7424,153
State - CHANDIGARH,60-64,18815,776,210,5885,101
State - CHANDIGARH,65-69,11154,437,114,4056,67
State - CHANDIGARH,70-74,7761,257,90,3220,53
State - CHANDIGARH,75-79,4220,82,40,2028,50
State - CHANDIGARH,80+,4856,138,53,2535,43
State - UTTARAKHAND,0-4,736921,162851,2779,19110,1276
State - UTTARAKHAND,5-9,844979,186087,3264,21368,1641
State - UTTARAKHAND,10-14,921990,191417,3544,24674,2313
State - UTTARAKHAND,15-19,903801,185833,3879,26283,3065
State - UTTARAKHAND,20-24,791379,147545,3748,23602,2726
State - UTTARAKHAND,25-29,677093,107007,3296,19545,2439
State - UTTARAKHAND,30-34,588340,86907,3063,17204,2101
State - UTTARAKHAND,35-39,560694,83060,2850,16562,1777
State - UTTARAKHAND,40-44,482714,65202,2429,14313,1570
State - UTTARAKHAND,45-49,422568,50743,2061,12392,1257
State - UTTARAKHAND,50-54,349606,35119,1686,9338,1110
State - UTTARAKHAND,55-59,280858,27402,1491,7579,906
State - UTTARAKHAND,60-64,287244,30871,1334,8496,883
State - UTTARAKHAND,65-69,193104,18400,867,5578,635
State - UTTARAKHAND,70-74,145172,12727,629,4218,536
State - UTTARAKHAND,75-79,76435,5198,326,2222,388
State - UTTARAKHAND,80+,91839,8610,443,3474,432
State - HARYANA,0-4,1982942,272035,4161,91962,4824
State - HARYANA,5-9,2112108,274669,4196,97534,4930
State - HARYANA,10-14,2286819,255176,4362,112018,5243
State - HARYANA,15-19,2340522,197594,4602,124640,5081
State - HARYANA,20-24,2265239,162538,5414,124114,5539
State - HARYANA,25-29,1986624,124681,5030,106042,5934
State - HARYANA,30-34,1687668,100216,4412,93194,5419
State - HARYANA,35-39,1570991,92180,3740,88037,4740
State - HARYANA,40-44,1342573,73710,3256,80691,4166
State - HARYANA,45-49,1106512,55977,2888,71456,3792
State - HARYANA,50-54,862214,40819,2374,55482,3362
State - HARYANA,55-59,669211,31702,1808,44663,2836
State - HARYANA,60-64,744485,39329,1600,55525,2664
State - HARYANA,65-69,442690,23958,960,34772,1554
State - HARYANA,70-74,329262,16654,676,25985,1158
State - HARYANA,75-79,172843,7848,361,14281,658
State - HARYANA,80+,240703,10963,457,21364,714
State - NCT OF DELHI,0-4,1100051,223466,8987,34878,11916
State - NCT OF DELHI,5-9,1222403,250866,10540,37791,13004
State - NCT OF DELHI,10-14,1317526,259831,12066,43008,14377
State - NCT OF DELHI,15-19,1335693,255028,12370,47605,15393
State - NCT OF DELHI,20-24,1431953,246313,14685,53171,16540
State - NCT OF DELHI,25-29,1376435,207365,13954,51991,17334
State - NCT OF DELHI,30-34,1191004,168207,12329,45968,16146
State - NCT OF DELHI,35-39,1096706,151145,12803,43103,14624
State - NCT OF DELHI,40-44,914610,116315,12620,39208,13733
State - NCT OF DELHI,45-49,760956,87705,11080,37881,13037
State - NCT OF DELHI,50-54,575622,58169,8274,33739,11240
State - NCT OF DELHI,55-59,425242,40100,6065,28138,9006
State - NCT OF DELHI,60-64,388445,44200,4325,27032,7701
State - NCT OF DELHI,65-69,226305,21537,2299,17348,4759
State - NCT OF DELHI,70-74,157522,13382,1649,12916,3627
State - NCT OF DELHI,75-79,84197,5390,938,7884,2191
State - NCT OF DELHI,80+,93829,7525,952,8490,2108
State - RAJASTHAN,0-4,6383112,786455,8651,71360,40793
State - RAJASTHAN,5-9,7075999,823155,9730,80427,45284
State - RAJASTHAN,10-14,7414344,809192,9886,89927,49817
State - RAJASTHAN,15-19,6462665,691116,9105,90646,54167
State - RAJASTHAN,20-24,5644505,624510,8642,86017,57125
State - RAJASTHAN,25-29,4722491,487734,7652,71493,54521
State - RAJASTHAN,30-34,4192783,403952,7046,64316,50564
State - RAJASTHAN,35-39,3860266,355828,6562,59839,48455
State - RAJASTHAN,40-44,3332850,291708,6310,55762,45842
State - RAJASTHAN,45-49,2807372,238605,5690,48368,42938
State - RAJASTHAN,50-54,2251015,185364,4720,36536,37110
State - RAJASTHAN,55-59,1699591,135990,3845,26845,29647
State - RAJASTHAN,60-64,1583207,128774,3078,27755,25808
State - RAJASTHAN,65-69,1130388,86870,1973,20600,19394
State - RAJASTHAN,70-74,912234,70278,1464,16557,15425
State - RAJASTHAN,75-79,426441,31536,728,8840,9620
State - RAJASTHAN,80+,520164,43616,901,11856,9758
State - UTTAR PRADESH,0-4,15829494,4349285,31902,47788,38492
State - UTTAR PRADESH,5-9,19497004,5346603,38803,55308,45758
State - UTTAR PRADESH,10-14,20254246,5389430,39922,62561,47628
State - UTTAR PRADESH,15-19,17959094,4864466,38033,67204,43748
State - UTTAR PRADESH,20-24,13854284,3539422,33272,62493,37982
State - UTTAR PRADESH,25-29,11733358,2691389,27641,53674,34091
State - UTTAR PRADESH,30-34,10525840,2294115,24073,47726,30764
State - UTTAR PRADESH,35-39,10224024,2205445,23385,45381,29135
State - UTTAR PRADESH,40-44,8346093,1777689,20316,40035,25148
State - UTTAR PRADESH,45-49,6934544,1422134,17819,35725,22250
State - UTTAR PRADESH,50-54,5452748,1059286,14634,28308,18714
State - UTTAR PRADESH,55-59,4540091,862691,11994,23077,15272
State - UTTAR PRADESH,60-64,4728979,915536,11221,23667,14776
State - UTTAR PRADESH,65-69,3221891,577305,7173,16468,9725
State - UTTAR PRADESH,70-74,2389257,412080,5422,12582,7269
State - UTTAR PRADESH,75-79,1062743,170984,2690,6862,3836
State - UTTAR PRADESH,80+,1512144,275996,3932,10330,4883
State - BIHAR,0-4,10307756,2387585,13824,2182,6513
State - BIHAR,5-9,12236906,2731863,16412,2594,7766
State - BIHAR,10-14,11368751,2490041,16159,2610,7222
State - BIHAR,15-19,7673314,1755901,12320,2181,5243
State - BIHAR,20-24,6644156,1385472,10581,2024,4458
State - BIHAR,25-29,6418555,1222070,9653,1918,4387
State - BIHAR,30-34,5954848,1074037,8942,1737,3881
State - BIHAR,35-39,5437692,995070,8840,1705,3677
State - BIHAR,40-44,4344678,801501,7211,1424,3033
State - BIHAR,45-49,3595589,658483,6189,1287,2694
State - BIHAR,50-54,2796619,503638,4856,1014,2065
State - BIHAR,55-59,2380992,405006,3958,771,1815
State - BIHAR,60-64,2559020,438239,3723,835,1718
State - BIHAR,65-69,1787683,294657,2464,541,1255
State - BIHAR,70-74,1182542,191734,1773,385,819
State - BIHAR,75-79,476950,71182,759,173,411
State - BIHAR,80+,584270,91827,877,231,492
State - SIKKIM,0-4,24648,756,4539,36,12158
State - SIKKIM,5-9,32683,957,6012,49,16751
State - SIKKIM,10-14,37929,927,7024,34,20735
State - SIKKIM,15-19,37814,1185,6821,33,20823
State - SIKKIM,20-24,39300,1512,6505,289,19519
State - SIKKIM,25-29,38159,1305,6072,468,18467
State - SIKKIM,30-34,30950,913,5108,452,14712
State - SIKKIM,35-39,25519,695,4210,214,12892
State - SIKKIM,40-44,21197,532,3608,138,10993
State - SIKKIM,45-49,17061,400,2810,68,9055
State - SIKKIM,50-54,14084,275,2265,25,7743
State - SIKKIM,55-59,9973,168,1640,17,5704
State - SIKKIM,60-64,7588,106,1338,11,4490
State - SIKKIM,65-69,5864,60,986,2,3546
State - SIKKIM,70-74,4175,26,654,4,2682
State - SIKKIM,75-79,2495,12,434,1,1561
State - SIKKIM,80+,2564,24,377,24,1639
State - ARUNACHAL PRADESH,0-4,37078,2791,48479,110,53171
State - ARUNACHAL PRADESH,5-9,43719,3042,58114,99,64949
State - ARUNACHAL PRADESH,10-14,45709,2823,59454,98,70198
State - ARUNACHAL PRADESH,15-19,41180,2875,49845,101,61090
State - ARUNACHAL PRADESH,20-24,41370,3194,37048,441,49051
State - ARUNACHAL PRADESH,25-29,40610,3216,34051,787,44584
State - ARUNACHAL PRADESH,30-34,33223,2253,27397,783,37241
State - ARUNACHAL PRADESH,35-39,31025,2134,26256,310,34420
State - ARUNACHAL PRADESH,40-44,27066,1663,21328,270,28094
State - ARUNACHAL PRADESH,45-49,22047,1201,17221,146,22948
State - ARUNACHAL PRADESH,50-54,15262,810,12411,61,17478
State - ARUNACHAL PRADESH,55-59,9042,426,8295,33,12035
State - ARUNACHAL PRADESH,60-64,5892,246,7403,9,11836
State - ARUNACHAL PRADESH,65-69,3196,149,4149,8,7427
State - ARUNACHAL PRADESH,70-74,2222,85,3086,5,5215
State - ARUNACHAL PRADESH,75-79,1024,25,1477,5,2591
State - ARUNACHAL PRADESH,80+,1810,83,2143,16,3368
State - NAGALAND,0-4,14563,6806,174098,81,1385
State - NAGALAND,5-9,16550,6895,207691,89,1572
State - NAGALAND,10-14,16303,5406,224905,69,1702
State - NAGALAND,15-19,15319,4809,207652,53,1478
State - NAGALAND,20-24,18386,5167,179116,279,1163
State - NAGALAND,25-29,20247,5138,149940,404,1006
State - NAGALAND,30-34,16948,3955,127736,387,770
State - NAGALAND,35-39,15446,3468,108284,181,702
State - NAGALAND,40-44,13265,2492,92611,169,628
State - NAGALAND,45-49,9957,1789,75258,73,585
State - NAGALAND,50-54,6275,1168,57893,32,444
State - NAGALAND,55-59,3885,635,38484,19,334
State - NAGALAND,60-64,2496,519,33151,24,294
State - NAGALAND,65-69,1373,257,22369,12,217
State - NAGALAND,70-74,921,215,16278,9,149
State - NAGALAND,75-79,442,75,9949,3,82
State - NAGALAND,80+,607,142,12926,6,103
State - MANIPUR,0-4,100045,28132,105471,125,21433
State - MANIPUR,5-9,107726,33319,125614,114,23161
State - MANIPUR,10-14,116035,31386,139828,94,25094
State - MANIPUR,15-19,98961,26627,138798,85,21286
State - MANIPUR,20-24,107688,23569,127403,141,21860
State - MANIPUR,25-29,115338,21482,109384,209,23072
State - MANIPUR,30-34,98878,15588,85653,188,19961
State - MANIPUR,35-39,91735,14499,73208,136,18266
State - MANIPUR,40-44,78495,11058,65022,105,15696
State - MANIPUR,45-49,65926,9841,57489,92,13303
State - MANIPUR,50-54,54630,7386,46827,67,11099
State - MANIPUR,55-59,42905,5563,32182,52,8599
State - MANIPUR,60-64,34447,4475,25854,28,6927
State - MANIPUR,65-69,23316,2613,16056,26,4546
State - MANIPUR,70-74,17415,1805,11703,22,3229
State - MANIPUR,75-79,11741,836,6748,13,2041
State - MANIPUR,80+,13712,1100,8620,13,2282
State - MIZORAM,0-4,2428,1679,103433,23,13446
State - MIZORAM,5-9,2435,1618,99981,19,13603
State - MIZORAM,10-14,2342,1267,100760,13,12490
State - MIZORAM,15-19,2201,1513,96643,10,9883
State - MIZORAM,20-24,3071,1984,96058,25,10473
State - MIZORAM,25-29,3813,1834,88418,35,8174
State - MIZORAM,30-34,3461,1365,77400,52,6049
State - MIZORAM,35-39,2995,1150,63235,28,4929
State - MIZORAM,40-44,2915,792,50259,35,4146
State - MIZORAM,45-49,1867,536,47465,28,3237
State - MIZORAM,50-54,1116,385,39951,8,2768
State - MIZORAM,55-59,699,255,28467,5,1739
State - MIZORAM,60-64,312,178,22534,2,1444
State - MIZORAM,65-69,156,104,14983,0,918
State - MIZORAM,70-74,138,69,11183,0,622
State - MIZORAM,75-79,78,37,7342,1,319
State - MIZORAM,80+,88,38,7706,1,333
State - TRIPURA,0-4,255794,34735,16523,69,14577
State - TRIPURA,5-9,268665,36305,17408,68,14685
State - TRIPURA,10-14,284372,38571,18970,59,15116
State - TRIPURA,15-19,288679,36865,18104,45,13615
State - TRIPURA,20-24,307455,34539,17504,119,13094
State - TRIPURA,25-29,288864,27599,15568,119,11556
State - TRIPURA,30-34,244359,20780,12436,108,8970
State - TRIPURA,35-39,239431,19980,11006,138,8509
State - TRIPURA,40-44,206234,16794,8653,152,6675
State - TRIPURA,45-49,178555,13815,7123,74,5722
State - TRIPURA,50-54,141965,10622,5133,45,4257
State - TRIPURA,55-59,103203,7166,3241,25,3128
State - TRIPURA,60-64,85225,6239,2800,16,2736
State - TRIPURA,65-69,62143,4350,1971,10,1943
State - TRIPURA,70-74,46045,3409,1422,8,1370
State - TRIPURA,75-79,26776,1679,858,5,719
State - TRIPURA,80+,34805,2500,1118,8,1030
State - MEGHALAYA,0-4,29057,18667,314005,250,42184
State - MEGHALAYA,5-9,32463,19280,296882,258,38876
State - MEGHALAYA,10-14,35259,16278,293126,317,36325
State - MEGHALAYA,15-19,34556,12461,249817,340,28019
State - MEGHALAYA,20-24,34414,12172,213460,306,23869
State - MEGHALAYA,25-29,33985,11942,183520,320,20856
State - MEGHALAYA,30-34,27434,8183,137728,238,15650
State - MEGHALAYA,35-39,27419,7445,124424,270,14753
State - MEGHALAYA,40-44,24357,6616,101933,217,12004
State - MEGHALAYA,45-49,19753,5373,87191,163,10338
State - MEGHALAYA,50-54,14097,3948,62892,135,7458
State - MEGHALAYA,55-59,9960,2540,42263,79,5105
State - MEGHALAYA,60-64,7181,2028,36772,63,4533
State - MEGHALAYA,65-69,4790,1365,26285,31,3201
State - MEGHALAYA,70-74,3096,925,17230,26,2356
State - MEGHALAYA,75-79,1753,462,9274,14,1293
State - MEGHALAYA,80+,2057,535,11625,15,1594
State - ASSAM,0-4,1628414,1445662,120409,1218,8585
State - ASSAM,5-9,1849073,1539596,137534,1379,9785
State - ASSAM,10-14,1981333,1351793,139836,1592,10711
State - ASSAM,15-19,1882917,1041450,126608,1671,10297
State - ASSAM,20-24,1810977,970793,110598,2051,10239
State - ASSAM,25-29,1797522,895789,105192,2332,10144
State - ASSAM,30-34,1528869,704516,82779,2058,8795
State - ASSAM,35-39,1514686,652300,80571,1885,8381
State - ASSAM,40-44,1237720,517402,65472,1642,7086
State - ASSAM,45-49,1099221,427879,58904,1414,6242
State - ASSAM,50-54,817567,325756,42089,986,4872
State - ASSAM,55-59,597148,224624,29871,669,3684
State - ASSAM,60-64,534280,210793,25925,639,3300
State - ASSAM,65-69,351998,132732,15721,429,2216
State - ASSAM,70-74,261778,109608,11526,315,1604
State - ASSAM,75-79,128025,49584,5418,172,953
State - ASSAM,80+,147634,73640,6691,207,1083
State - WEST BENGAL,0-4,4593720,2562429,47904,3811,99844
State - WEST BENGAL,5-9,5219774,2828074,57693,4378,116292
State - WEST BENGAL,10-14,5880856,3052984,66847,4925,128925
State - WEST BENGAL,15-19,5946263,2888518,67979,5350,128153
State - WEST BENGAL,20-24,5993908,2547721,66619,5970,123054
State - WEST BENGAL,25-29,5744231,2055307,60915,6305,112426
State - WEST BENGAL,30-34,5078873,1598175,49853,5475,94417
State - WEST BENGAL,35-39,5243815,1602210,49884,5290,97717
State - WEST BENGAL,40-44,4639116,1366897,45247,4821,85690
State - WEST BENGAL,45-49,4089428,1117487,40265,4461,74188
State - WEST BENGAL,50-54,3279587,874496,31736,3455,60854
State - WEST BENGAL,55-59,2549065,639952,23559,2619,47431
State - WEST BENGAL,60-64,2111440,564619,18650,2221,43241
State - WEST BENGAL,65-69,1542378,392801,12185,1619,30109
State - WEST BENGAL,70-74,1095252,262197,8544,1148,20441
State - WEST BENGAL,75-79,601968,120173,4665,662,10628
State - WEST BENGAL,80+,703367,160904,5369,841,10484
State - JHARKHAND,0-4,2383546,618528,136282,4450,492927
State - JHARKHAND,5-9,2725381,675543,160168,5107,562369
State - JHARKHAND,10-14,2717560,652793,167013,5618,552682
State - JHARKHAND,15-19,2123938,503320,140203,6786,424324
State - JHARKHAND,20-24,1912145,424097,123839,7397,354866
State - JHARKHAND,25-29,1835039,370056,112632,6478,323935
State - JHARKHAND,30-34,1616703,306980,98923,5856,275488
State - JHARKHAND,35-39,1489261,275987,95391,5511,267699
State - JHARKHAND,40-44,1243863,221644,83659,5085,231832
State - JHARKHAND,45-49,1061923,184289,74923,4635,206198
State - JHARKHAND,50-54,829427,139177,58527,3793,153677
State - JHARKHAND,55-59,693733,114730,49128,3022,123265
State - JHARKHAND,60-64,667385,115993,47243,2628,122759
State - JHARKHAND,65-69,445656,76801,31431,1803,78695
State - JHARKHAND,70-74,290573,50459,19091,1305,44940
State - JHARKHAND,75-79,122123,19945,8391,733,16473
State - JHARKHAND,80+,137826,25144,8040,842,16510
State - ODISHA,0-4,3380544,87223,118738,1580,53452
State - ODISHA,5-9,3764879,93398,142786,1585,62995
State - ODISHA,10-14,4038267,104779,137213,1854,57508
State - ODISHA,15-19,3652491,106399,111990,1949,45130
State - ODISHA,20-24,3531615,96916,102762,2084,43356
State - ODISHA,25-29,3347967,82627,94613,2063,41168
State - ODISHA,30-34,2919190,65053,78405,1890,34064
State - ODISHA,35-39,2872937,61719,77841,1739,33121
State - ODISHA,40-44,2537463,50777,69067,1598,29480
State - ODISHA,45-49,2201529,42473,59517,1474,26438
State - ODISHA,50-54,1748764,31340,44252,1109,20244
State - ODISHA,55-59,1406627,23786,34876,811,15906
State - ODISHA,60-64,1396861,22522,36156,736,15907
State - ODISHA,65-69,931321,14348,22335,520,9606
State - ODISHA,70-74,733152,12345,14692,384,6363
State - ODISHA,75-79,349986,5573,5858,218,2535
State - ODISHA,80+,381197,7283,5815,247,2624
State - CHHATTISGARH,0-4,2378141,49331,42165,4809,62094
State - CHHATTISGARH,5-9,2581583,51740,48317,5449,68550
State - CHHATTISGARH,10-14,2699992,54040,53218,5968,68007
State - CHHATTISGARH,15-19,2427581,53934,49116,6181,60645
State - CHHATTISGARH,20-24,2223771,55048,44907,6540,57195
State - CHHATTISGARH,25-29,1912482,48372,39549,6110,49293
State - CHHATTISGARH,30-34,1690379,39950,34103,5756,43752
State - CHHATTISGARH,35-39,1656708,37085,34408,5825,44384
State - CHHATTISGARH,40-44,1466785,31082,32056,5314,40462
State - CHHATTISGARH,45-49,1237829,25855,29397,4902,35756
State - CHHATTISGARH,50-54,921035,18761,22629,3679,26338
State - CHHATTISGARH,55-59,733161,14023,17928,2768,21047
State - CHHATTISGARH,60-64,693924,13069,15687,2203,18370
State - CHHATTISGARH,65-69,498788,9083,11058,1666,12817
State - CHHATTISGARH,70-74,348149,6497,7828,1336,8883
State - CHHATTISGARH,75-79,154841,2925,4008,673,3994
State - CHHATTISGARH,80+,173919,3415,3918,767,4586
State - MADHYA PRADESH,0-4,6793031,512823,18188,11163,117575
State - MADHYA PRADESH,5-9,7543876,547113,20298,12182,129194
State - MADHYA PRADESH,10-14,7814668,564768,21325,13671,137290
State - MADHYA PRADESH,15-19,6739223,532574,19800,14265,130123
State - MADHYA PRADESH,20-24,6073689,487607,19646,14539,123359
State - MADHYA PRADESH,25-29,5237436,402711,17323,13229,110507
State - MADHYA PRADESH,30-34,4737277,341652,16022,12044,103120
State - MADHYA PRADESH,35-39,4420419,309293,15632,11086,101062
State - MADHYA PRADESH,40-44,3833255,258415,14677,10171,94651
State - MADHYA PRADESH,45-49,3201932,210666,13040,9479,85185
State - MADHYA PRADESH,50-54,2451306,156075,10577,7590,66852
State - MADHYA PRADESH,55-59,1873193,117177,8234,5788,52086
State - MADHYA PRADESH,60-64,1810104,117402,6813,5339,46025
State - MADHYA PRADESH,65-69,1304605,80028,4471,3795,32867
State - MADHYA PRADESH,70-74,1014579,61723,3224,2926,23778
State - MADHYA PRADESH,75-79,478519,28076,1783,1623,12767
State - MADHYA PRADESH,80+,608280,40443,1852,2171,14355
State - GUJARAT,0-4,4800462,588718,23973,4485,35545
State - GUJARAT,5-9,5136147,623484,26621,4853,39126
State - GUJARAT,10-14,5434726,630282,28685,5177,45162
State - GUJARAT,15-19,5176825,603899,26525,5127,48340
State - GUJARAT,20-24,5099957,590788,27435,6183,51070
State - GUJARAT,25-29,4679321,510917,26675,5581,51658
State - GUJARAT,30-34,4239126,447900,25073,4944,49521
State - GUJARAT,35-39,3859262,402910,24077,4352,47191
State - GUJARAT,40-44,3444211,346178,22878,4019,45087
State - GUJARAT,45-49,2958845,282910,20976,3428,45197
State - GUJARAT,50-54,2406971,226515,17479,2817,41189
State - GUJARAT,55-59,1830800,170598,14220,2030,35551
State - GUJARAT,60-64,1533730,150453,11153,1821,29202
State - GUJARAT,65-69,1040482,98482,7512,1162,21372
State - GUJARAT,70-74,801642,73839,5355,894,17148
State - GUJARAT,75-79,391804,33442,2826,472,11007
State - GUJARAT,80+,490870,43693,2808,544,10501
State - DAMAN & DIU,0-4,17225,1698,154,13,40
State - DAMAN & DIU,5-9,16465,1768,194,11,49
State - DAMAN & DIU,10-14,15519,1545,197,12,36
State - DAMAN & DIU,15-19,23968,2086,182,13,44
State - DAMAN & DIU,20-24,35495,2743,245,17,58
State - DAMAN & DIU,25-29,30568,2253,255,18,72
State - DAMAN & DIU,30-34,21944,1771,230,11,60
State - DAMAN & DIU,35-39,17716,1509,245,16,47
State - DAMAN & DIU,40-44,12216,1073,252,17,31
State - DAMAN & DIU,45-49,8535,792,233,12,29
State - DAMAN & DIU,50-54,5893,538,145,7,23
State - DAMAN & DIU,55-59,4480,416,126,9,18
State - DAMAN & DIU,60-64,3809,357,111,7,23
State - DAMAN & DIU,65-69,2398,259,78,0,17
State - DAMAN & DIU,70-74,1791,210,78,3,17
State - DAMAN & DIU,75-79,878,125,49,4,9
State - DAMAN & DIU,80+,948,125,44,2,10
State - DADRA & NAGAR HAVELI,0-4,34437,1351,465,17,227
State - DADRA & NAGAR HAVELI,5-9,34070,1291,587,20,216
State - DADRA & NAGAR HAVELI,10-14,32973,1158,626,19,168
State - DADRA & NAGAR HAVELI,15-19,30891,1438,548,21,156
State - DADRA & NAGAR HAVELI,20-24,41578,1948,473,25,231
State - DADRA & NAGAR HAVELI,25-29,37599,1544,436,23,240
State - DADRA & NAGAR HAVELI,30-34,28888,1146,350,18,200
State - DADRA & NAGAR HAVELI,35-39,23662,944,410,22,203
State - DADRA & NAGAR HAVELI,40-44,17014,621,367,22,136
State - DADRA & NAGAR HAVELI,45-49,12905,457,294,5,115
State - DADRA & NAGAR HAVELI,50-54,8883,335,197,7,69
State - DADRA & NAGAR HAVELI,55-59,6543,216,121,6,53
State - DADRA & NAGAR HAVELI,60-64,5513,190,83,5,32
State - DADRA & NAGAR HAVELI,65-69,3493,121,61,3,31
State - DADRA & NAGAR HAVELI,70-74,2194,54,40,2,16
State - DADRA & NAGAR HAVELI,75-79,896,29,22,2,8
State - DADRA & NAGAR HAVELI,80+,991,47,27,0,12
State - MAHARASHTRA,0-4,7334173,1306920,62746,15738,612229
State - MAHARASHTRA,5-9,7702101,1352717,68595,16250,653107
State - MAHARASHTRA,10-14,8463509,1396802,79640,17903,746884
State - MAHARASHTRA,15-19,8350861,1393588,84439,18793,751263
State - MAHARASHTRA,20-24,8744652,1405507,96034,22242,794628
State - MAHARASHTRA,25-29,8070876,1195458,94564,21847,740616
State - MAHARASHTRA,30-34,7039800,987769,86373,19398,643291
State - MAHARASHTRA,35-39,6622483,892694,85691,17300,611685
State - MAHARASHTRA,40-44,5813679,727070,83405,15237,542110
State - MAHARASHTRA,45-49,4900237,571358,77432,13799,457867
State - MAHARASHTRA,50-54,4008978,441276,68038,11715,379648
State - MAHARASHTRA,55-59,3181813,329668,57287,8996,300508
State - MAHARASHTRA,60-64,2974743,323054,47825,8098,281325
State - MAHARASHTRA,65-69,2543463,254612,31951,5692,236421
State - MAHARASHTRA,70-74,1774899,171429,22859,3924,165414
State - MAHARASHTRA,75-79,884645,77819,14036,2227,81843
State - MAHARASHTRA,80+,972854,101719,14438,2646,85490
State - ANDHRA PRADESH,0-4,5431646,717344,80227,3401,8401
State - ANDHRA PRADESH,5-9,6358685,800262,90476,3735,8854
State - ANDHRA PRADESH,10-14,7189974,851873,101217,3628,9196
State - ANDHRA PRADESH,15-19,7073460,861294,101626,3697,9306
State - ANDHRA PRADESH,20-24,7102352,865170,110283,4263,9551
State - ANDHRA PRADESH,25-29,6872120,770037,108842,3994,9162
State - ANDHRA PRADESH,30-34,5839228,614980,92901,3244,8189
State - ANDHRA PRADESH,35-39,5803201,580190,90781,2888,7432
State - ANDHRA PRADESH,40-44,4836295,461585,75116,2455,6210
State - ANDHRA PRADESH,45-49,4191714,378208,65247,2074,5369
State - ANDHRA PRADESH,50-54,3296015,291102,52600,1654,4174
State - ANDHRA PRADESH,55-59,2630991,222438,42239,1325,3152
State - ANDHRA PRADESH,60-64,2918871,225094,41544,1152,3113
State - ANDHRA PRADESH,65-69,1986151,143938,27753,819,2126
State - ANDHRA PRADESH,70-74,1394011,99195,18869,556,1473
State - ANDHRA PRADESH,75-79,583770,40990,8806,255,771
State - ANDHRA PRADESH,80+,684706,54905,9628,417,906
State - KARNATAKA,0-4,4115374,794481,76830,2360,38819
State - KARNATAKA,5-9,4278069,820068,80577,2348,42883
State - KARNATAKA,10-14,4720343,858946,89304,2272,47728
State - KARNATAKA,15-19,4795382,865954,96092,2411,49579
State - KARNATAKA,20-24,5017709,850630,110204,3366,52103
State - KARNATAKA,25-29,4855706,738357,108580,3192,49854
State - KARNATAKA,30-34,3968701,574627,96343,2736,44523
State - KARNATAKA,35-39,3991617,555740,92754,2335,42885
State - KARNATAKA,40-44,3273588,427458,79667,1785,36628
State - KARNATAKA,45-49,3031971,372699,74029,1532,32969
State - KARNATAKA,50-54,2328954,275816,61944,1187,26366
State - KARNATAKA,55-59,1851208,212909,51707,877,21988
State - KARNATAKA,60-64,1786153,205051,43761,835,20330
State - KARNATAKA,65-69,1327423,144025,29799,594,15449
State - KARNATAKA,70-74,931792,94623,21175,396,11054
State - KARNATAKA,75-79,460003,42990,13722,196,6480
State - KARNATAKA,80+,546558,54485,15115,249,7327
State - GOA,0-4,66380,11923,22333,109,164
State - GOA,5-9,68319,11736,25284,107,173
State - GOA,10-14,71979,11667,26798,78,168
State - GOA,15-19,75169,11661,26502,127,171
State - GOA,20-24,89466,14080,26484,170,240
State - GOA,25-29,92632,12991,26328,160,225
State - GOA,30-34,88293,10342,26668,124,211
State - GOA,35-39,87337,9341,29041,133,227
State - GOA,40-44,72333,7104,28613,108,184
State - GOA,45-49,62449,5912,25982,101,158
State - GOA,50-54,50526,4341,21388,81,146
State - GOA,55-59,41627,3376,20304,58,121
State - GOA,60-64,37187,3062,20651,44,93
State - GOA,65-69,24758,1727,14371,26,79
State - GOA,70-74,16830,1068,11058,22,39
State - GOA,75-79,8794,549,7123,14,30
State - GOA,80+,8310,572,6814,6,29
State - LAKSHADWEEP,0-4,31,5007,4,0,2
State - LAKSHADWEEP,5-9,31,5359,3,1,5
State - LAKSHADWEEP,10-14,31,5951,5,1,5
State - LAKSHADWEEP,15-19,63,5551,6,0,2
State - LAKSHADWEEP,20-24,239,5552,30,2,2
State - LAKSHADWEEP,25-29,286,5620,49,1,1
State - LAKSHADWEEP,30-34,241,5143,43,0,2
State - LAKSHADWEEP,35-39,245,5096,38,2,2
State - LAKSHADWEEP,40-44,210,4346,45,1,3
State - LAKSHADWEEP,45-49,185,3578,45,0,1
State - LAKSHADWEEP,50-54,125,2908,29,0,1
State - LAKSHADWEEP,55-59,80,2805,14,0,1
State - LAKSHADWEEP,60-64,12,2015,5,0,1
State - LAKSHADWEEP,65-69,4,1408,0,0,0
State - LAKSHADWEEP,70-74,1,847,1,0,0
State - LAKSHADWEEP,75-79,1,492,0,0,0
State - LAKSHADWEEP,80+,2,478,0,0,0
State - KERALA,0-4,1144843,915497,379861,334,1680
State - KERALA,5-9,1229212,887592,427890,312,1540
State - KERALA,10-14,1411864,903358,497311,349,1594
State - KERALA,15-19,1316855,836735,448357,320,1303
State - KERALA,20-24,1387363,857187,412072,347,1422
State - KERALA,25-29,1428634,767563,399178,309,1281
State - KERALA,30-34,1376606,662284,409305,279,1118
State - KERALA,35-39,1488348,622580,461703,304,1151
State - KERALA,40-44,1409920,517711,478705,255,1082
State - KERALA,45-49,1398364,467290,477072,233,1043
State - KERALA,50-54,1137940,372105,413339,196,963
State - KERALA,55-59,1030802,330428,377049,163,763
State - KERALA,60-64,845727,260632,304989,139,592
State - KERALA,65-69,596000,190456,213265,86,459
State - KERALA,70-74,439177,122231,170116,70,326
State - KERALA,75-79,301798,75548,122679,41,226
State - KERALA,80+,320668,76192,143204,55,274
State - TAMIL NADU,0-4,4562574,370032,314951,1100,7724
State - TAMIL NADU,5-9,4821569,374849,326255,1127,8424
State - TAMIL NADU,10-14,5399256,383204,366060,1059,8607
State - TAMIL NADU,15-19,5471586,386003,366195,1204,8999
State - TAMIL NADU,20-24,5588147,412475,380053,1491,9526
State - TAMIL NADU,25-29,5819393,411756,403769,1382,9850
State - TAMIL NADU,30-34,5067662,353324,370403,1275,9956
State - TAMIL NADU,35-39,5122921,337084,355151,1209,9226
State - TAMIL NADU,40-44,4449387,279127,317702,1060,7926
State - TAMIL NADU,45-49,4166398,242948,288529,893,6718
State - TAMIL NADU,50-54,3268022,185329,238091,680,5428
State - TAMIL NADU,55-59,2736041,151958,203004,619,4510
State - TAMIL NADU,60-64,2468296,130185,174982,531,3822
State - TAMIL NADU,65-69,1655973,85022,120980,351,2636
State - TAMIL NADU,70-74,1252263,60603,88743,256,1895
State - TAMIL NADU,75-79,627141,30150,50118,148,1198
State - TAMIL NADU,80+,657523,31697,49423,143,1268
State - PUDUCHERRY,0-4,81326,6865,5303,22,196
State - PUDUCHERRY,5-9,86148,6582,5621,24,152
State - PUDUCHERRY,10-14,92493,6626,6198,22,194
State - PUDUCHERRY,15-19,89297,6440,6236,28,143
State - PUDUCHERRY,20-24,95103,6966,6388,22,171
State - PUDUCHERRY,25-29,103899,6790,7167,28,175
State - PUDUCHERRY,30-34,97254,6587,6830,25,189
State - PUDUCHERRY,35-39,94374,6128,6618,26,166
State - PUDUCHERRY,40-44,78412,5183,5908,20,140
State - PUDUCHERRY,45-49,69520,4305,5252,23,103
State - PUDUCHERRY,50-54,52787,3490,4461,11,88
State - PUDUCHERRY,55-59,43632,2721,3598,14,87
State - PUDUCHERRY,60-64,38027,2527,3102,17,75
State - PUDUCHERRY,65-69,24149,1674,2055,6,51
State - PUDUCHERRY,70-74,19512,1215,1703,3,36
State - PUDUCHERRY,75-79,11052,664,1018,2,26
State - PUDUCHERRY,80+,11524,696,1034,3,23
State - ANDAMAN & NICOBAR ISLANDS,0-4,19857,2505,6114,62,87
State - ANDAMAN & NICOBAR ISLANDS,5-9,21321,2617,6273,84,71
State - ANDAMAN & NICOBAR ISLANDS,10-14,23532,2593,7072,111,107
State - ANDAMAN & NICOBAR ISLANDS,15-19,22932,2708,7115,109,74
State - ANDAMAN & NICOBAR ISLANDS,20-24,26083,3258,7511,101,83
State - ANDAMAN & NICOBAR ISLANDS,25-29,29788,3662,8018,121,81
State - ANDAMAN & NICOBAR ISLANDS,30-34,24817,3293,7374,110,88
State - ANDAMAN & NICOBAR ISLANDS,35-39,22829,2919,6877,111,69
State - ANDAMAN & NICOBAR ISLANDS,40-44,18582,2256,5675,128,66
State - ANDAMAN & NICOBAR ISLANDS,45-49,16597,1942,5139,105,55
State - ANDAMAN & NICOBAR ISLANDS,50-54,11602,1496,4054,79,46
State - ANDAMAN & NICOBAR ISLANDS,55-59,9213,1151,3330,60,33
State - ANDAMAN & NICOBAR ISLANDS,60-64,7010,761,2526,35,38
State - ANDAMAN & NICOBAR ISLANDS,65-69,4081,450,1649,24,16
State - ANDAMAN & NICOBAR ISLANDS,70-74,2651,353,1067,15,9
State - ANDAMAN & NICOBAR ISLANDS,75-79,1464,206,564,10,3
State - ANDAMAN & NICOBAR ISLANDS,80+,1682,207,558,20,6
